Region,Crime_Type,Year,Qtr,No_of_Offences,Population_Num,Live_Register_Num,Mean_Disposable_Income,Rent_Rates,CPI_All_Items,CPI_Water_Electricity_Gas,GBP_per_Euro,USD_per_Euro,Sunshine_Hours,Rainfall(mm),At_Risk_of_Poverty_Rate,Consistent_Poverty_Rate,Daily_Internet_Users,Garda’_Num,Marriages_Num,Government_Party,Tobacco_gm_per_capita,Alcohol_ltr_per_capita,Pop_In_Good_Health
Dublin,Theft and related offences,2007,1,7832,1231200,117890,60874,1344.82,4.9,20.4,0.6802,1.3242,288,212.7,11.7,5,43,16776,3401,Fianna F‡il,1605,13.2,84
Dublin,Theft and related offences,2007,2,8509,1231200,119955,60874,1350.09,4.9,20.4,0.6756,1.3419,599.2,184.1,11.7,5,43,16776,5558,Fianna F‡il,1605,13.2,84
Dublin,Theft and related offences,2007,3,8851,1231200,127708,60874,1358.33,4.9,20.4,0.6889,1.3896,440.6,253.8,11.7,5,43,16776,8949,Fianna F‡il,1605,13.2,84
Dublin,Theft and related offences,2007,4,8786,1231200,119210,60874,1364.62,4.9,20.4,0.7206,1.457,230.7,133.8,11.7,5,43,16776,4848,Fianna F‡il,1605,13.2,84
Dublin,Theft and related offences,2008,1,8842,1252700,134054,61496,1347.88,4.1,9.6,0.7749,1.5527,275.2,214,9.8,3.5,47,17799,3228,Fianna F‡il,1439,12.2,84.3
Dublin,Theft and related offences,2008,2,9084,1252700,146478,61496,1346.66,4.1,9.6,0.7915,1.5553,603.7,136.1,9.8,3.5,47,17799,5351,Fianna F‡il,1439,12.2,84.3
Dublin,Theft and related offences,2008,3,8371,1252700,171010,61496,1315.39,4.1,9.6,0.7992,1.437,371.2,415.7,9.8,3.5,47,17799,8751,Fianna F‡il,1439,12.2,84.3
Dublin,Theft and related offences,2008,4,8055,1252700,188013,61496,1292.81,4.1,9.6,0.9045,1.3449,262,176.5,9.8,3.5,47,17799,4857,Fianna F‡il,1439,12.2,84.3
Dublin,Theft and related offences,2009,1,8176,1258500,244840,58759,1256,-4.5,-22,0.9197,1.305,266.5,144.3,8.3,4.4,51,17579,3450,Fianna F‡il,1360,11,83.1
Dublin,Theft and related offences,2009,2,8801,1258500,287136,58759,1215.51,-4.5,-22,0.8567,1.4016,619.9,222.8,8.3,4.4,51,17579,5432,Fianna F‡il,1360,11,83.1
Dublin,Theft and related offences,2009,3,8962,1258500,311749,58759,1173.75,-4.5,-22,0.8914,1.4562,445.6,247.2,8.3,4.4,51,17579,8047,Fianna F‡il,1360,11,83.1
Dublin,Theft and related offences,2009,4,8374,1258500,300482,58759,1124.32,-4.5,-22,0.8997,1.4614,227.1,305.9,8.3,4.4,51,17579,4698,Fianna F‡il,1360,11,83.1
Dublin,Theft and related offences,2010,1,8195,1259600,311064,57023,1084.07,-1,1.3,0.9016,1.3569,305.3,134.2,11.4,5.5,57,16544,3372,Fianna F‡il,1226,11.6,82.8
Dublin,Theft and related offences,2010,2,9487,1259600,317658,57023,1060.46,-1,1.3,0.8277,1.2209,632.5,118.8,11.4,5.5,57,16544,4993,Fianna F‡il,1226,11.6,82.8
Dublin,Theft and related offences,2010,3,8986,1259600,331979,57023,1049.07,-1,1.3,0.8399,1.3067,498.8,228.2,11.4,5.5,57,16544,7774,Fianna F‡il,1226,11.6,82.8
Dublin,Theft and related offences,2010,4,8887,1259600,304797,57023,1026.91,-1,1.3,0.8481,1.322,281.2,187.7,11.4,5.5,57,16544,4455,Fianna F‡il,1226,11.6,82.8
Dublin,Theft and related offences,2011,1,9162,1261500,312757,54111,1021.95,2.6,9.7,0.8665,1.3999,326.4,124.7,9.5,4,66,16843,3047,Fine Gael,1241,11.7,83.2
Dublin,Theft and related offences,2011,2,8825,1261500,319436,54111,1027.44,2.6,9.7,0.8875,1.4388,588.3,129.7,9.5,4,66,16843,5015,Fine Gael,1241,11.7,83.2
Dublin,Theft and related offences,2011,3,9385,1261500,331193,54111,1034.99,2.6,9.7,0.8717,1.377,419.1,169.6,9.5,4,66,16843,7532,Fine Gael,1241,11.7,83.2
Dublin,Theft and related offences,2011,4,9361,1261500,306935,54111,1027.48,2.6,9.7,0.8441,1.3179,217.9,248.1,9.5,4,66,16843,4261,Fine Gael,1241,11.7,83.2
Dublin,Theft and related offences,2012,1,9089,1262900,311985,51589,1027.84,1.7,0.6,0.8345,1.3201,288,158.8,10.3,6.1,67,16843,2812,Fine Gael,1163,11.5,82.7
Dublin,Theft and related offences,2012,2,9205,1262900,317220,51589,1031.78,1.7,0.6,0.8058,1.2526,484.6,298.5,10.3,6.1,67,16843,5411,Fine Gael,1163,11.5,82.7
Dublin,Theft and related offences,2012,3,9956,1262900,326025,51589,1041.66,1.7,0.6,0.7982,1.2856,447.7,247.1,10.3,6.1,67,16843,7712,Fine Gael,1163,11.5,82.7
Dublin,Theft and related offences,2012,4,9479,1262900,301172,51589,1041.95,1.7,0.6,0.8124,1.3119,254,194.8,10.3,6.1,67,16843,4778,Fine Gael,1163,11.5,82.7
Dublin,Theft and related offences,2013,1,9283,1262400,306829,50938,1046.5,0.5,0.7,0.86,1.2964,172.4,227.2,9.1,4.9,71,16328,3642,Fine Gael,1026,10.6,82
Dublin,Theft and related offences,2013,2,9812,1262400,307838,50938,1055.33,0.5,0.7,0.8519,1.3189,570,143.3,9.1,4.9,71,16328,5444,Fine Gael,1026,10.6,82
Dublin,Theft and related offences,2013,3,10486,1262400,313238,50938,1070.88,0.5,0.7,0.8417,1.3348,506,156.8,9.1,4.9,71,16328,7760,Fine Gael,1026,10.6,82
Dublin,Theft and related offences,2013,4,9982,1262400,284758,50938,1077.33,0.5,0.7,0.8364,1.3704,227.1,249.8,9.1,4.9,71,16328,4924,Fine Gael,1026,10.6,82
Dublin,Theft and related offences,2014,1,9034,1274600,285949,50847,1088.48,0.2,0,0.8317,1.3823,286.5,242.8,10.3,5.1,74,16329,3624,Fine Gael,982,11,82.5
Dublin,Theft and related offences,2014,2,9971,1274600,286944,50847,1102.96,0.2,0,0.8041,1.3592,534.8,161.9,10.3,5.1,74,16329,5567,Fine Gael,982,11,82.5
Dublin,Theft and related offences,2014,3,9873,1274600,287464,50847,1125.97,0.2,0,0.7911,1.2901,482.9,234.5,10.3,5.1,74,16329,8048,Fine Gael,982,11,82.5
Dublin,Theft and related offences,2014,4,10334,1274600,255873,50847,1143.08,0.2,0,0.7883,1.2331,260.2,287.3,10.3,5.1,74,16329,4956,Fine Gael,982,11,82.5
Northern,Theft and related offences,2007,1,1507,483900,69252,40180,558.45,4.9,20.4,0.6802,1.3242,241.7,290.5,21.7,8.4,19,16776,3401,Fianna F‡il,1605,13.2,84
Northern,Theft and related offences,2007,2,1571,483900,69030,40180,561.2,4.9,20.4,0.6756,1.3419,642.3,217.7,21.7,8.4,19,16776,5558,Fianna F‡il,1605,13.2,84
Northern,Theft and related offences,2007,3,1471,483900,73046,40180,556.81,4.9,20.4,0.6889,1.3896,439.1,271.1,21.7,8.4,19,16776,8949,Fianna F‡il,1605,13.2,84
Northern,Theft and related offences,2007,4,1427,483900,70325,40180,568.73,4.9,20.4,0.7206,1.457,144.3,288.5,21.7,8.4,19,16776,4848,Fianna F‡il,1605,13.2,84
Northern,Theft and related offences,2008,1,1400,496500,82216,41512,573.34,4.1,9.6,0.7749,1.5527,220.5,421.2,16.5,4.8,22,17799,3228,Fianna F‡il,1439,12.2,84.3
Northern,Theft and related offences,2008,2,1607,496500,89612,41512,576.92,4.1,9.6,0.7915,1.5553,639.4,136.4,16.5,4.8,22,17799,5351,Fianna F‡il,1439,12.2,84.3
Northern,Theft and related offences,2008,3,1674,496500,105227,41512,567.27,4.1,9.6,0.7992,1.437,345.8,338.9,16.5,4.8,22,17799,8751,Fianna F‡il,1439,12.2,84.3
Northern,Theft and related offences,2008,4,1590,496500,117909,41512,564.74,4.1,9.6,0.9045,1.3449,166.8,346.1,16.5,4.8,22,17799,4857,Fianna F‡il,1439,12.2,84.3
Northern,Theft and related offences,2009,1,1386,508200,151440,38247,555.15,-4.5,-22,0.9197,1.305,223.5,226.8,14.1,5.4,27,17579,3450,Fianna F‡il,1360,11,83.1
Northern,Theft and related offences,2009,2,1544,508200,168537,38247,543.46,-4.5,-22,0.8567,1.4016,660.5,239.2,14.1,5.4,27,17579,5432,Fianna F‡il,1360,11,83.1
Northern,Theft and related offences,2009,3,1614,508200,180784,38247,534.37,-4.5,-22,0.8914,1.4562,445.9,307.5,14.1,5.4,27,17579,8047,Fianna F‡il,1360,11,83.1
Northern,Theft and related offences,2009,4,1373,508200,175043,38247,531.63,-4.5,-22,0.8997,1.4614,174.8,393.2,14.1,5.4,27,17579,4698,Fianna F‡il,1360,11,83.1
Northern,Theft and related offences,2010,1,1328,511500,183377,38538,524.4,-1,1.3,0.9016,1.3569,277.4,238.7,13.7,7.4,33,16544,3372,Fianna F‡il,1226,11.6,82.8
Northern,Theft and related offences,2010,2,1573,511500,186545,38538,516.53,-1,1.3,0.8277,1.2209,572.5,147.5,13.7,7.4,33,16544,4993,Fianna F‡il,1226,11.6,82.8
Northern,Theft and related offences,2010,3,1444,511500,194227,38538,510.16,-1,1.3,0.8399,1.3067,400.1,339.6,13.7,7.4,33,16544,7774,Fianna F‡il,1226,11.6,82.8
Northern,Theft and related offences,2010,4,1273,511500,182548,38538,500.73,-1,1.3,0.8481,1.322,213.4,254.4,13.7,7.4,33,16544,4455,Fianna F‡il,1226,11.6,82.8
Northern,Theft and related offences,2011,1,1418,515500,187478,34091,489.3,2.6,9.7,0.8665,1.3999,273.8,252.7,19.8,9.7,40,16843,3047,Fine Gael,1241,11.7,83.2
Northern,Theft and related offences,2011,2,1408,515500,189655,34091,482.37,2.6,9.7,0.8875,1.4388,553.6,251.1,19.8,9.7,40,16843,5015,Fine Gael,1241,11.7,83.2
Northern,Theft and related offences,2011,3,1357,515500,195648,34091,478.97,2.6,9.7,0.8717,1.377,365.9,261.9,19.8,9.7,40,16843,7532,Fine Gael,1241,11.7,83.2
Northern,Theft and related offences,2011,4,1140,515500,182981,34091,472.85,2.6,9.7,0.8441,1.3179,153.4,465.6,19.8,9.7,40,16843,4261,Fine Gael,1241,11.7,83.2
Northern,Theft and related offences,2012,1,1268,510900,184989,30186,465.75,1.7,0.6,0.8345,1.3201,284.5,287.1,24.5,12.7,50,16843,2812,Fine Gael,1163,11.5,82.7
Northern,Theft and related offences,2012,2,1275,510900,186071,30186,461.9,1.7,0.6,0.8058,1.2526,552.1,238.7,24.5,12.7,50,16843,5411,Fine Gael,1163,11.5,82.7
Northern,Theft and related offences,2012,3,1302,510900,191256,30186,458.11,1.7,0.6,0.7982,1.2856,404.5,317.8,24.5,12.7,50,16843,7712,Fine Gael,1163,11.5,82.7
Northern,Theft and related offences,2012,4,1170,510900,177839,30186,453.02,1.7,0.6,0.8124,1.3119,190.2,360.9,24.5,12.7,50,16843,4778,Fine Gael,1163,11.5,82.7
Northern,Theft and related offences,2013,1,1189,509600,180616,31936,447.92,0.5,0.7,0.86,1.2964,252.1,275.5,25.4,18.5,51,16328,3642,Fine Gael,1026,10.6,82
Northern,Theft and related offences,2013,2,1338,509600,179821,31936,445.38,0.5,0.7,0.8519,1.3189,529.6,249.8,25.4,18.5,51,16328,5444,Fine Gael,1026,10.6,82
Northern,Theft and related offences,2013,3,1341,509600,182798,31936,444.2,0.5,0.7,0.8417,1.3348,386.1,218.7,25.4,18.5,51,16328,7760,Fine Gael,1026,10.6,82
Northern,Theft and related offences,2013,4,1160,509600,167366,31936,442.04,0.5,0.7,0.8364,1.3704,187.1,384.1,25.4,18.5,51,16328,4924,Fine Gael,1026,10.6,82
Northern,Theft and related offences,2014,1,1129,503900,167658,33490,438.26,0.2,0,0.8317,1.3823,257.4,428.3,22.5,14.2,55,16329,3624,Fine Gael,982,11,82.5
Northern,Theft and related offences,2014,2,1251,503900,167114,33490,436.58,0.2,0,0.8041,1.3592,561.2,164.2,22.5,14.2,55,16329,5567,Fine Gael,982,11,82.5
Northern,Theft and related offences,2014,3,1317,503900,167903,33490,440.74,0.2,0,0.7911,1.2901,554.3,205.2,22.5,14.2,55,16329,8048,Fine Gael,982,11,82.5
Northern,Theft and related offences,2014,4,1344,503900,153033,33490,439.72,0.2,0,0.7883,1.2331,170.9,417.3,22.5,14.2,55,16329,4956,Fine Gael,982,11,82.5
Western,Theft and related offences,2007,1,1506,623200,45926,41105,925.15,4.9,20.4,0.6802,1.3242,290.8,224.2,18.8,3.1,27,16776,3401,Fianna F‡il,1605,13.2,84
Western,Theft and related offences,2007,2,1684,623200,46145,41105,934.56,4.9,20.4,0.6756,1.3419,616.1,184.5,18.8,3.1,27,16776,5558,Fianna F‡il,1605,13.2,84
Western,Theft and related offences,2007,3,1808,623200,50135,41105,343.09,4.9,20.4,0.6889,1.3896,497.6,245.7,18.8,3.1,27,16776,8949,Fianna F‡il,1605,13.2,84
Western,Theft and related offences,2007,4,1463,623200,47096,41105,937.71,4.9,20.4,0.7206,1.457,192.3,264.6,18.8,3.1,27,16776,4848,Fianna F‡il,1605,13.2,84
Western,Theft and related offences,2008,1,1515,631300,54800,41215,905.61,4.1,9.6,0.7749,1.5527,245,384.8,17.2,4.2,34,17799,3228,Fianna F‡il,1439,12.2,84.3
Western,Theft and related offences,2008,2,1665,631300,59729,41215,889.36,4.1,9.6,0.7915,1.5553,593.4,195.9,17.2,4.2,34,17799,5351,Fianna F‡il,1439,12.2,84.3
Western,Theft and related offences,2008,3,1698,631300,70407,41215,881.06,4.1,9.6,0.7992,1.437,377,363.8,17.2,4.2,34,17799,8751,Fianna F‡il,1439,12.2,84.3
Western,Theft and related offences,2008,4,1709,631300,77841,41215,859.8,4.1,9.6,0.9045,1.3449,234.2,323.7,17.2,4.2,34,17799,4857,Fianna F‡il,1439,12.2,84.3
Western,Theft and related offences,2009,1,1565,638100,100042,40004,842.06,-4.5,-22,0.9197,1.305,263.1,200.1,14.1,5.7,40,17579,3450,Fianna F‡il,1360,11,83.1
Western,Theft and related offences,2009,2,1724,638100,111816,40004,830.31,-4.5,-22,0.8567,1.4016,647.6,248.2,14.1,5.7,40,17579,5432,Fianna F‡il,1360,11,83.1
Western,Theft and related offences,2009,3,1663,638100,122578,40004,819.05,-4.5,-22,0.8914,1.4562,478.5,292.3,14.1,5.7,40,17579,8047,Fianna F‡il,1360,11,83.1
Western,Theft and related offences,2009,4,1400,638100,116076,40004,792.61,-4.5,-22,0.8997,1.4614,252.3,422.9,14.1,5.7,40,17579,4698,Fianna F‡il,1360,11,83.1
Western,Theft and related offences,2010,1,1501,638400,121848,39398,779.39,-1,1.3,0.9016,1.3569,344.6,147.8,12.1,2.8,48,16544,3372,Fianna F‡il,1226,11.6,82.8
Western,Theft and related offences,2010,2,1489,638400,121933,39398,773.52,-1,1.3,0.8277,1.2209,649.5,163.3,12.1,2.8,48,16544,4993,Fianna F‡il,1226,11.6,82.8
Western,Theft and related offences,2010,3,1600,638400,127675,39398,769.07,-1,1.3,0.8399,1.3067,435.5,298.8,12.1,2.8,48,16544,7774,Fianna F‡il,1226,11.6,82.8
Western,Theft and related offences,2010,4,1321,638400,118751,39398,758.54,-1,1.3,0.8481,1.322,255.6,235.2,12.1,2.8,48,16544,4455,Fianna F‡il,1226,11.6,82.8
Western,Theft and related offences,2011,1,1305,640800,123038,39029,749.24,2.6,9.7,0.8665,1.3999,316.3,257.8,19.9,5.6,54,16843,3047,Fine Gael,1241,11.7,83.2
Western,Theft and related offences,2011,2,1369,640800,123585,39029,748.4,2.6,9.7,0.8875,1.4388,574.9,247.6,19.9,5.6,54,16843,5015,Fine Gael,1241,11.7,83.2
Western,Theft and related offences,2011,3,1378,640800,126911,39029,753.65,2.6,9.7,0.8717,1.377,332.1,176.9,19.9,5.6,54,16843,7532,Fine Gael,1241,11.7,83.2
Western,Theft and related offences,2011,4,1287,640800,117644,39029,750.05,2.6,9.7,0.8441,1.3179,170.7,330.9,19.9,5.6,54,16843,4261,Fine Gael,1241,11.7,83.2
Western,Theft and related offences,2012,1,1323,637500,119303,36785,747.2,1.7,0.6,0.8345,1.3201,259.8,225.5,17,6.9,56,16843,2812,Fine Gael,1163,11.5,82.7
Western,Theft and related offences,2012,2,1529,637500,117915,36785,748.78,1.7,0.6,0.8058,1.2526,549.3,283.9,17,6.9,56,16843,5411,Fine Gael,1163,11.5,82.7
Western,Theft and related offences,2012,3,1323,637500,122434,36785,776.41,1.7,0.6,0.7982,1.2856,389.4,263.8,17,6.9,56,16843,7712,Fine Gael,1163,11.5,82.7
Western,Theft and related offences,2012,4,1337,637500,114886,36785,769.1,1.7,0.6,0.8124,1.3119,209.4,322,17,6.9,56,16843,4778,Fine Gael,1163,11.5,82.7
Western,Theft and related offences,2013,1,1353,637900,117724,35158,763.3,0.5,0.7,0.86,1.2964,238.1,185.1,18.6,9,57,16328,3642,Fine Gael,1026,10.6,82
Western,Theft and related offences,2013,2,1444,637900,116588,35158,765.48,0.5,0.7,0.8519,1.3189,466.3,195.3,18.6,9,57,16328,5444,Fine Gael,1026,10.6,82
Western,Theft and related offences,2013,3,1397,637900,117687,35158,770.49,0.5,0.7,0.8417,1.3348,396.9,173.9,18.6,9,57,16328,7760,Fine Gael,1026,10.6,82
Western,Theft and related offences,2013,4,1172,637900,107645,35158,765.04,0.5,0.7,0.8364,1.3704,210.5,378.4,18.6,9,57,16328,4924,Fine Gael,1026,10.6,82
Western,Theft and related offences,2014,1,1166,637100,108311,37045,764.11,0.2,0,0.8317,1.3823,208,456.6,20.9,8.6,60,16329,3624,Fine Gael,982,11,82.5
Western,Theft and related offences,2014,2,1142,637100,106727,37045,770.9,0.2,0,0.8041,1.3592,526.9,169.1,20.9,8.6,60,16329,5567,Fine Gael,982,11,82.5
Western,Theft and related offences,2014,3,1247,637100,106089,37045,792.1,0.2,0,0.7911,1.2901,413.5,199.6,20.9,8.6,60,16329,8048,Fine Gael,982,11,82.5
Western,Theft and related offences,2014,4,1205,637100,96802,37045,791.26,0.2,0,0.7883,1.2331,202.6,347.7,20.9,8.6,60,16329,4956,Fine Gael,982,11,82.5
Southern,Theft and related offences,2007,1,3191,1112800,66363,46977,931.58,4.9,20.4,0.6802,1.3242,268.4,319.1,16.6,3.8,39,16776,3401,Fianna F‡il,1605,13.2,84
Southern,Theft and related offences,2007,2,2860,1112800,64234,46977,946.77,4.9,20.4,0.6756,1.3419,624.8,248.5,16.6,3.8,39,16776,5558,Fianna F‡il,1605,13.2,84
Southern,Theft and related offences,2007,3,2841,1112800,69407,46977,955.03,4.9,20.4,0.6889,1.3896,542.5,232.8,16.6,3.8,39,16776,8949,Fianna F‡il,1605,13.2,84
Southern,Theft and related offences,2007,4,2872,1112800,68224,46977,947.72,4.9,20.4,0.7206,1.457,196.3,255.5,16.6,3.8,39,16776,4848,Fianna F‡il,1605,13.2,84
Southern,Theft and related offences,2008,1,3114,1144800,79319,45832,931.5,4.1,9.6,0.7749,1.5527,253.3,358.4,14,5.7,44,17799,3228,Fianna F‡il,1439,12.2,84.3
Southern,Theft and related offences,2008,2,3182,1144800,83917,45832,919.07,4.1,9.6,0.7915,1.5553,527,267.8,14,5.7,44,17799,5351,Fianna F‡il,1439,12.2,84.3
Southern,Theft and related offences,2008,3,3064,1144800,98923,45832,900.48,4.1,9.6,0.7992,1.437,364.9,435.5,14,5.7,44,17799,8751,Fianna F‡il,1439,12.2,84.3
Southern,Theft and related offences,2008,4,2825,1144800,110013,45832,887.68,4.1,9.6,0.9045,1.3449,263.2,278.8,14,5.7,44,17799,4857,Fianna F‡il,1439,12.2,84.3
Southern,Theft and related offences,2009,1,3059,1155600,144750,42019,869.78,-4.5,-22,0.9197,1.305,239.2,260,14.7,4,49,17579,3450,Fianna F‡il,1360,11,83.1
Southern,Theft and related offences,2009,2,3083,1155600,162459,42019,848.47,-4.5,-22,0.8567,1.4016,584.6,330.3,14.7,4,49,17579,5432,Fianna F‡il,1360,11,83.1
Southern,Theft and related offences,2009,3,2979,1155600,176334,42019,820.48,-4.5,-22,0.8914,1.4562,472.3,413,14.7,4,49,17579,8047,Fianna F‡il,1360,11,83.1
Southern,Theft and related offences,2009,4,2938,1155600,175046,42019,799.44,-4.5,-22,0.8997,1.4614,245.2,571,14.7,4,49,17579,4698,Fianna F‡il,1360,11,83.1
Southern,Theft and related offences,2010,1,2958,1158800,184968,38492,777.58,-1,1.3,0.9016,1.3569,383.4,264.6,19.9,8.9,54,16544,3372,Fianna F‡il,1226,11.6,82.8
Southern,Theft and related offences,2010,2,2848,1158800,183488,38492,763.99,-1,1.3,0.8277,1.2209,604.3,151.6,19.9,8.9,54,16544,4993,Fianna F‡il,1226,11.6,82.8
Southern,Theft and related offences,2010,3,2995,1158800,188267,38492,764.1,-1,1.3,0.8399,1.3067,470.7,218,19.9,8.9,54,16544,7774,Fianna F‡il,1226,11.6,82.8
Southern,Theft and related offences,2010,4,2735,1158800,180295,38492,754.06,-1,1.3,0.8481,1.322,313.9,270.5,19.9,8.9,54,16544,4455,Fianna F‡il,1226,11.6,82.8
Southern,Theft and related offences,2011,1,3050,1161600,187053,37543,746.57,2.6,9.7,0.8665,1.3999,317,239.2,20.6,9.9,59,16843,3047,Fine Gael,1241,11.7,83.2
Southern,Theft and related offences,2011,2,2784,1161600,184012,37543,740.87,2.6,9.7,0.8875,1.4388,526.4,250.7,20.6,9.9,59,16843,5015,Fine Gael,1241,11.7,83.2
Southern,Theft and related offences,2011,3,2808,1161600,187320,37543,735.4,2.6,9.7,0.8717,1.377,331,206.7,20.6,9.9,59,16843,7532,Fine Gael,1241,11.7,83.2
Southern,Theft and related offences,2011,4,2693,1161600,179669,37543,726.9,2.6,9.7,0.8441,1.3179,178.3,327.5,20.6,9.9,59,16843,4261,Fine Gael,1241,11.7,83.2
Southern,Theft and related offences,2012,1,2707,1167000,182903,37721,724.51,1.7,0.6,0.8345,1.3201,261.7,213.3,19.3,9.7,65,16843,2812,Fine Gael,1163,11.5,82.7
Southern,Theft and related offences,2012,2,2713,1167000,179365,37721,724.47,1.7,0.6,0.8058,1.2526,417.4,383.8,19.3,9.7,65,16843,5411,Fine Gael,1163,11.5,82.7
Southern,Theft and related offences,2012,3,2542,1167000,180902,37721,735.8,1.7,0.6,0.7982,1.2856,412,322.3,19.3,9.7,65,16843,7712,Fine Gael,1163,11.5,82.7
Southern,Theft and related offences,2012,4,2597,1167000,172494,37721,739.33,1.7,0.6,0.8124,1.3119,301.7,362.1,19.3,9.7,65,16843,4778,Fine Gael,1163,11.5,82.7
Southern,Theft and related offences,2013,1,2678,1175700,175287,37819,740.66,0.5,0.7,0.86,1.2964,201.7,345.5,16.2,6.9,68,16328,3642,Fine Gael,1026,10.6,82
Southern,Theft and related offences,2013,2,2673,1175700,169699,37819,740.6,0.5,0.7,0.8519,1.3189,570.7,277.9,16.2,6.9,68,16328,5444,Fine Gael,1026,10.6,82
Southern,Theft and related offences,2013,3,2720,1175700,167658,37819,750.58,0.5,0.7,0.8417,1.3348,517.1,177.4,16.2,6.9,68,16328,7760,Fine Gael,1026,10.6,82
Southern,Theft and related offences,2013,4,2757,1175700,156629,37819,749.92,0.5,0.7,0.8364,1.3704,198.8,457.7,16.2,6.9,68,16328,4924,Fine Gael,1026,10.6,82
Southern,Theft and related offences,2014,1,2452,1178200,158539,39994,747.58,0.2,0,0.8317,1.3823,246.3,534.1,18.5,8.3,71,16329,3624,Fine Gael,982,11,82.5
Southern,Theft and related offences,2014,2,2735,1178200,153510,39994,748.82,0.2,0,0.8041,1.3592,504.4,260.8,18.5,8.3,71,16329,5567,Fine Gael,982,11,82.5
Southern,Theft and related offences,2014,3,2987,1178200,150166,39994,767.1,0.2,0,0.7911,1.2901,473.9,152.3,18.5,8.3,71,16329,8048,Fine Gael,982,11,82.5
Southern,Theft and related offences,2014,4,2850,1178200,139537,39994,771.89,0.2,0,0.7883,1.2331,256,432.5,18.5,8.3,71,16329,4956,Fine Gael,982,11,82.5
Eastern,Theft and related offences,2007,1,2485,796000,62508,60874,991.51,4.9,20.4,0.6802,1.3242,317.9,252.3,8.8,2.3,43,16776,3401,Fianna F‡il,1605,13.2,84
Eastern,Theft and related offences,2007,2,2519,796000,61644,60874,999.36,4.9,20.4,0.6756,1.3419,660.7,194.3,8.8,2.3,43,16776,5558,Fianna F‡il,1605,13.2,84
Eastern,Theft and related offences,2007,3,2595,796000,65397,60874,1008.7,4.9,20.4,0.6889,1.3896,523.4,303.2,8.8,2.3,43,16776,8949,Fianna F‡il,1605,13.2,84
Eastern,Theft and related offences,2007,4,2607,796000,64278,60874,1011.88,4.9,20.4,0.7206,1.457,247.2,226.6,8.8,2.3,43,16776,4848,Fianna F‡il,1605,13.2,84
Eastern,Theft and related offences,2008,1,2246,813400,77056,61496,1011.41,4.1,9.6,0.7749,1.5527,294,297.8,10.2,2.3,46,17799,3228,Fianna F‡il,1439,12.2,84.3
Eastern,Theft and related offences,2008,2,2691,813400,83878,61496,1010.66,4.1,9.6,0.7915,1.5553,539.9,169.3,10.2,2.3,46,17799,5351,Fianna F‡il,1439,12.2,84.3
Eastern,Theft and related offences,2008,3,2703,813400,96859,61496,1003.98,4.1,9.6,0.7992,1.437,343.2,368.7,10.2,2.3,46,17799,8751,Fianna F‡il,1439,12.2,84.3
Eastern,Theft and related offences,2008,4,2680,813400,107764,61496,991.31,4.1,9.6,0.9045,1.3449,228.1,260.8,10.2,2.3,46,17799,4857,Fianna F‡il,1439,12.2,84.3
Eastern,Theft and related offences,2009,1,2641,820800,135929,58759,967.17,-4.5,-22,0.9197,1.305,257.3,170.9,14.6,3.7,49,17579,3450,Fianna F‡il,1360,11,83.1
Eastern,Theft and related offences,2009,2,2924,820800,151517,58759,936.97,-4.5,-22,0.8567,1.4016,587.1,268.5,14.6,3.7,49,17579,5432,Fianna F‡il,1360,11,83.1
Eastern,Theft and related offences,2009,3,2756,820800,163406,58759,903.25,-4.5,-22,0.8914,1.4562,446.8,365.6,14.6,3.7,49,17579,8047,Fianna F‡il,1360,11,83.1
Eastern,Theft and related offences,2009,4,2568,820800,160960,58759,869.27,-4.5,-22,0.8997,1.4614,197.6,377.5,14.6,3.7,49,17579,4698,Fianna F‡il,1360,11,83.1
Eastern,Theft and related offences,2010,1,2477,828400,168325,57023,837.65,-1,1.3,0.9016,1.3569,256.8,169.1,16.3,4.9,52,16544,3372,Fianna F‡il,1226,11.6,82.8
Eastern,Theft and related offences,2010,2,2724,828400,171185,57023,817.69,-1,1.3,0.8277,1.2209,592.4,154.4,16.3,4.9,52,16544,4993,Fianna F‡il,1226,11.6,82.8
Eastern,Theft and related offences,2010,3,3050,828400,176696,57023,807.9,-1,1.3,0.8399,1.3067,440.5,353,16.3,4.9,52,16544,7774,Fianna F‡il,1226,11.6,82.8
Eastern,Theft and related offences,2010,4,2464,828400,166943,57023,799.73,-1,1.3,0.8481,1.322,255.4,219.9,16.3,4.9,52,16544,4455,Fianna F‡il,1226,11.6,82.8
Eastern,Theft and related offences,2011,1,2784,833800,172023,54111,791.3,2.6,9.7,0.8665,1.3999,311.7,203,13.5,7.9,57,16843,3047,Fine Gael,1241,11.7,83.2
Eastern,Theft and related offences,2011,2,2755,833800,174071,54111,787.79,2.6,9.7,0.8875,1.4388,589.6,167.1,13.5,7.9,57,16843,5015,Fine Gael,1241,11.7,83.2
Eastern,Theft and related offences,2011,3,2926,833800,178227,54111,785.13,2.6,9.7,0.8717,1.377,380.7,247.9,13.5,7.9,57,16843,7532,Fine Gael,1241,11.7,83.2
Eastern,Theft and related offences,2011,4,2448,833800,169937,54111,777.76,2.6,9.7,0.8441,1.3179,197.4,327.8,13.5,7.9,57,16843,4261,Fine Gael,1241,11.7,83.2
Eastern,Theft and related offences,2012,1,2725,840100,172399,51589,773.51,1.7,0.6,0.8345,1.3201,271,202.1,12.5,4.1,63,16843,2812,Fine Gael,1163,11.5,82.7
Eastern,Theft and related offences,2012,2,2639,840100,172637,51589,771.92,1.7,0.6,0.8058,1.2526,446.3,305.7,12.5,4.1,63,16843,5411,Fine Gael,1163,11.5,82.7
Eastern,Theft and related offences,2012,3,2418,840100,176208,51589,771.79,1.7,0.6,0.7982,1.2856,438.5,309.5,12.5,4.1,63,16843,7712,Fine Gael,1163,11.5,82.7
Eastern,Theft and related offences,2012,4,2545,840100,165942,51589,770.66,1.7,0.6,0.8124,1.3119,222.2,250.1,12.5,4.1,63,16843,4778,Fine Gael,1163,11.5,82.7
Eastern,Theft and related offences,2013,1,2471,840800,168721,50938,771.1,0.5,0.7,0.86,1.2964,159.4,212.7,12.3,5.9,63,16328,3642,Fine Gael,1026,10.6,82
Eastern,Theft and related offences,2013,2,2795,840800,167784,50938,771.73,0.5,0.7,0.8519,1.3189,509,213.1,12.3,5.9,63,16328,5444,Fine Gael,1026,10.6,82
Eastern,Theft and related offences,2013,3,2992,840800,168444,50938,780.86,0.5,0.7,0.8417,1.3348,476.7,176,12.3,5.9,63,16328,7760,Fine Gael,1026,10.6,82
Eastern,Theft and related offences,2013,4,2669,840800,155952,50938,788.14,0.5,0.7,0.8364,1.3704,203.5,361.2,12.3,5.9,63,16328,4924,Fine Gael,1026,10.6,82
Eastern,Theft and related offences,2014,1,2534,846900,157147,50847,794.16,0.2,0,0.8317,1.3823,238.3,371.4,14.9,6.2,65,16329,3624,Fine Gael,982,11,82.5
Eastern,Theft and related offences,2014,2,2718,846900,154612,50847,806.93,0.2,0,0.8041,1.3592,469,247.4,14.9,6.2,65,16329,5567,Fine Gael,982,11,82.5
Eastern,Theft and related offences,2014,3,2980,846900,154335,50847,829.82,0.2,0,0.7911,1.2901,435.4,201.9,14.9,6.2,65,16329,8048,Fine Gael,982,11,82.5
Eastern,Theft and related offences,2014,4,2662,846900,141621,50847,844.51,0.2,0,0.7883,1.2331,233.3,380,14.9,6.2,65,16329,4956,Fine Gael,982,11,82.5
